run_ts_utc,date,imei,iccid,txid,vin,empresa,patente,days_disconnected,command,status,http_code,note,delivery_status,delivery_note,delivery_checked_at_utc
2026-02-04_151135,2026-02-04,863457051724910,,,3ALHCYCY3RDUX3636,SERVICIO AUTOMOTRIZ CLEAN CAR LIMITADA,UX3636,16.0,"AT+GTDAT=gv300w,1,,CMD2112,0,,,,FFFF$",SKIPPED_DUPLICATE,0,ya enviado hoy (dedupe),SKIPPED,,
2026-02-04_151135,2026-02-04,868589060363051,,,W1T964231S0775739,TREKRENTAL,TSGG83,16.0,"AT+GTDAT=gv300w,1,,CMD2112,0,,,,FFFF$",SKIPPED_DUPLICATE,0,ya enviado hoy (dedupe),SKIPPED,,
2026-02-04_151135,2026-02-04,868589060172312,,,JL6AFC6AXRK003291,RELIASSET SPA,003291,17.0,"AT+GTDAT=gv300w,1,,CMD2112,0,,,,FFFF$",SKIPPED_DUPLICATE,0,ya enviado hoy (dedupe),SKIPPED,,
2026-02-04_151135,2026-02-04,868589060174326,,,JL6CLH6A8RK005314,JUAN RAMON CISTERNAS FONSECA,005314,26.0,"AT+GTDAT=gv300w,1,,CMD2112,0,,,,FFFF$",SKIPPED_DUPLICATE,0,ya enviado hoy (dedupe),SKIPPED,,
2026-02-04_151135,2026-02-04,867162029127990,,,W1T963425M0432586,GRUPO COTAL (CM),PDCB82,17.0,"AT+GTDAT=gv300w,1,,CMD2112,0,,,,FFFF$",SKIPPED_DUPLICATE,0,ya enviado hoy (dedupe),SKIPPED,,
2026-02-04_151135,2026-02-04,863457051070280,,,W1NFB1KBXPA840695,[RRHH] SERVICIOS GENERALES,TBWK28,15.0,"AT+GTDAT=gv300w,1,,CMD2112,0,,,,FFFF$",SKIPPED_DUPLICATE,0,ya enviado hoy (dedupe),SKIPPED,,
2026-02-04_151135,2026-02-04,865413056248759,,,JL6AFC6A5SK001387,STOCK,K001387,22.0,"AT+GTDAT=gv300w,1,,CMD2112,0,,,,FFFF$",SKIPPED_DUPLICATE,0,ya enviado hoy (dedupe),SKIPPED,,
2026-02-04_151135,2026-02-04,869671070574718,,,JL6CLH6A1SK003670,100% EQUIPADOS,K003670,17.0,"AT+GTDAT=gv300w,1,,CMD2112,0,,,,FFFF$",SKIPPED_DUPLICATE,0,ya enviado hoy (dedupe),SKIPPED,,
2026-02-04_151135,2026-02-04,869671072165309,,,MEC2047R8RP150150,100% EQUIPADOS,P150150,20.0,"AT+GTDAT=gv300w,1,,CMD2112,0,,,,FFFF$",SKIPPED_DUPLICATE,0,ya enviado hoy (dedupe),SKIPPED,,
2026-02-04_151135,2026-02-04,869671070584022,,,LSH14C4C4NA067863,GERENCIA ELECTROMOVILIDAD,A067863,28.0,"AT+GTDAT=gv300w,1,,CMD2112,0,,,,FFFF$",SKIPPED_DUPLICATE,0,ya enviado hoy (dedupe),SKIPPED,,
2026-02-04_151135,2026-02-04,863457050614542,,,W1T964231P0601612,KOMATSU (CM),SGTL81,15.0,"AT+GTDAT=gv300w,1,,CMD2112,0,,,,FFFF$",SKIPPED_DUPLICATE,0,ya enviado hoy (dedupe),SKIPPED,,
2026-02-04_151135,2026-02-04,868589060187237,,,JL6CJH6A5RK004031,STOCK,004031,27.0,"AT+GTDAT=gv300w,1,,CMD2112,0,,,,FFFF$",SKIPPED_DUPLICATE,0,ya enviado hoy (dedupe),SKIPPED,,
2026-02-04_151135,2026-02-04,869671070577307,,,W1T964231S0766961,TRANSPORTES PIZARRO E HIJOS SPA,766961,21.0,"AT+GTDAT=gv300w,1,,CMD2112,0,,,,FFFF$",SKIPPED_DUPLICATE,0,ya enviado hoy (dedupe),SKIPPED,,
2026-02-04_151135,2026-02-04,867162029138906,,,W1T964231N0560856,CONPAX MAQUINARIAS,RXDX76,21.0,"AT+GTDAT=gv300w,1,,CMD2112,0,,,,FFFF$",SKIPPED_DUPLICATE,0,ya enviado hoy (dedupe),SKIPPED,,
2026-02-04_151135,2026-02-04,869671070594997,,,3ALHCYCY4SDWB1122,100% EQUIPADOS,DWB1122,15.0,"AT+GTDAT=gv300w,1,,CMD2112,0,,,,FFFF$",SKIPPED_DUPLICATE,0,ya enviado hoy (dedupe),SKIPPED,,
2026-02-04_151135,2026-02-04,863457052212683,,,9BM634074RB339562,TRAVELTUR,TFTV60,16.0,"AT+GTDAT=gv300w,1,,CMD2112,0,,,,FFFF$",SKIPPED_DUPLICATE,0,ya enviado hoy (dedupe),SKIPPED,,
2026-02-04_151135,2026-02-04,863238070319894,,,9BM634016SB390016,STOCK CHILE - BUSES & VANS,B390016,20.0,"AT+GTDAT=gv300w,1,,CMD2112,0,,,,FFFF$",SKIPPED_DUPLICATE,0,ya enviado hoy (dedupe),SKIPPED,,
2026-02-04_151135,2026-02-04,869671070580475,,,W1T964231T0822753,STOCK,0822753,23.0,"AT+GTDAT=gv300w,1,,CMD2112,0,,,,FFFF$",SKIPPED_DUPLICATE,0,ya enviado hoy (dedupe),SKIPPED,,
2026-02-04_151135,2026-02-04,869671072171315,,,9BM958260SB402580,100% EQUIPADOS,B402580,26.0,"AT+GTDAT=gv300w,1,,CMD2112,0,,,,FFFF$",SKIPPED_DUPLICATE,0,ya enviado hoy (dedupe),SKIPPED,,
2026-02-04_151135,2026-02-04,867162027940030,,,W1T964231N0512163,EMIN,RFGB-66,19.0,"AT+GTDAT=gv300w,1,,CMD2112,0,,,,FFFF$",SKIPPED_DUPLICATE,0,ya enviado hoy (dedupe),SKIPPED,,
2026-02-04_151135,2026-02-04,867162027886621,,,W1T963424N0548854,MARCO SALGADO (CM),RRKD26,27.0,"AT+GTDAT=gv300w,1,,CMD2112,0,,,,FFFF$",SKIPPED_DUPLICATE,0,ya enviado hoy (dedupe),SKIPPED,,
2026-02-04_151135,2026-02-04,867162027879089,,,WDB932315K0311680,ASOCIACION INDIGENA DE COPAQUIRE,PFXP67,16.0,"AT+GTDAT=gv300w,1,,CMD2112,0,,,,FFFF$",SKIPPED_DUPLICATE,0,ya enviado hoy (dedupe),SKIPPED,,
2026-02-04_151135,2026-02-04,869671070588726,,,JL6BHG6A7SK000263,100% EQUIPADOS,K000263,26.0,"AT+GTDAT=gv300w,1,,CMD2112,0,,,,FFFF$",SKIPPED_DUPLICATE,0,ya enviado hoy (dedupe),SKIPPED,,
2026-02-04_151135,2026-02-04,869671072170739,,,9BM958260SB400438,100% EQUIPADOS,B400438,21.0,"AT+GTDAT=gv300w,1,,CMD2112,0,,,,FFFF$",SKIPPED_DUPLICATE,0,ya enviado hoy (dedupe),SKIPPED,,
2026-02-04_151135,2026-02-04,863457051712881,,,LSKG57C15PA821090,FLOTA HUALPEN LIMITADA,821090,26.0,"AT+GTDAT=gv300w,1,,CMD2112,0,,,,FFFF$",SKIPPED_DUPLICATE,0,ya enviado hoy (dedupe),SKIPPED,,
2026-02-04_151135,2026-02-04,868589060264531,,,WDB932315J0182142,GRUPO COMISOL,JYJP90,20.0,"AT+GTDAT=gv300w,1,,CMD2112,0,,,,FFFF$",SKIPPED_DUPLICATE,0,ya enviado hoy (dedupe),SKIPPED,,
2026-02-04_151135,2026-02-04,863238070325297,,,W1T964231T0821542,STOCK,0821542,22.0,"AT+GTDAT=gv300w,1,,CMD2112,0,,,,FFFF$",SKIPPED_DUPLICATE,0,ya enviado hoy (dedupe),SKIPPED,,
2026-02-04_151135,2026-02-04,869671070588197,,,JL6AKE6AXSK000436,STOCK,000436,23.0,"AT+GTDAT=gv300w,1,,CMD2112,0,,,,FFFF$",SKIPPED_DUPLICATE,0,ya enviado hoy (dedupe),SKIPPED,,
2026-02-04_151135,2026-02-04,869671070588817,,,JL6AFC6AXSK004740,100% EQUIPADOS,K004740,27.0,"AT+GTDAT=gv300w,1,,CMD2112,0,,,,FFFF$",SKIPPED_DUPLICATE,0,ya enviado hoy (dedupe),SKIPPED,,
2026-02-04_151135,2026-02-04,867162027174226,,,9BM634011LB125088,GERENCIA BUSES & VANS,LPCF15,23.0,"AT+GTDAT=gv300w,1,,CMD2112,0,,,,FFFF$",SKIPPED_DUPLICATE,0,ya enviado hoy (dedupe),SKIPPED,,
2026-02-04_151135,2026-02-04,869671070586431,,,JL6AFC6A5RK007569,100% EQUIPADOS,007569,21.0,"AT+GTDAT=gv300w,1,,CMD2112,0,,,,FFFF$",SKIPPED_DUPLICATE,0,ya enviado hoy (dedupe),SKIPPED,,
2026-02-04_151135,2026-02-04,863457050600046,,,LSH14C4C8NA066893,SALFA,066893,28.0,"AT+GTDAT=gv300w,1,,CMD2112,0,,,,FFFF$",SKIPPED_DUPLICATE,0,ya enviado hoy (dedupe),SKIPPED,,
2026-02-04_151135,2026-02-04,863457051066163,,,LVCB4L4DXPM002691,GERENCIA ELECTROMOVILIDAD,002691,29.0,"AT+GTDAT=gv300w,1,,CMD2112,0,,,,FFFF$",SKIPPED_DUPLICATE,0,ya enviado hoy (dedupe),SKIPPED,,
2026-02-04_151135,2026-02-04,869671072167578,,,JL6CLH6A9SK005747,100% EQUIPADOS,SK005747,16.0,"AT+GTDAT=gv300w,1,,CMD2112,0,,,,FFFF$",SKIPPED_DUPLICATE,0,ya enviado hoy (dedupe),SKIPPED,,
2026-02-04_151135,2026-02-04,869671070576218,,,JL6AFE6A0SK005715,100% EQUIPADOS,K005715,26.0,"AT+GTDAT=gv300w,1,,CMD2112,0,,,,FFFF$",SKIPPED_DUPLICATE,0,ya enviado hoy (dedupe),SKIPPED,,
2026-02-04_151135,2026-02-04,863238070322310,,,JL6CJH6A7TK000506,100% EQUIPADOS,TK000506,27.0,"AT+GTDAT=gv300w,1,,CMD2112,0,,,,FFFF$",SKIPPED_DUPLICATE,0,ya enviado hoy (dedupe),SKIPPED,,
2026-02-04_151135,2026-02-04,869671070575202,,,JL6AKE6A5SK005737,100% EQUIPADOS,SK005737,28.0,"AT+GTDAT=gv300w,1,,CMD2112,0,,,,FFFF$",SKIPPED_DUPLICATE,0,ya enviado hoy (dedupe),SKIPPED,,
2026-02-04_151135,2026-02-04,869671070585276,,,LVCB4L4D9LM002675,STOCK,M002675,21.0,"AT+GTDAT=gv300w,1,,CMD2112,0,,,,FFFF$",SKIPPED_DUPLICATE,0,ya enviado hoy (dedupe),SKIPPED,,
2026-02-04_151135,2026-02-04,863457050612934,,,LSH14C4CXMA069504,INVERSIONES MORA OVALLE SPA,RLJC30,30.0,"AT+GTDAT=gv300w,1,,CMD2112,0,,,,FFFF$",SKIPPED_DUPLICATE,0,ya enviado hoy (dedupe),SKIPPED,,
2026-02-04_151135,2026-02-04,863457050618782,,,W1T964231P0603393,KOMATSU (CM),SJFF21,20.0,"AT+GTDAT=gv300w,1,,CMD2112,0,,,,FFFF$",SKIPPED_DUPLICATE,0,ya enviado hoy (dedupe),SKIPPED,,
2026-02-04_151135,2026-02-04,869671070592181,,,JL6AFE6A3SK006373,100% EQUIPADOS,K006373,19.0,"AT+GTDAT=gv300w,1,,CMD2112,0,,,,FFFF$",SKIPPED_DUPLICATE,0,ya enviado hoy (dedupe),SKIPPED,,
2026-02-04_151135,2026-02-04,869671070589005,,,W1T964016T0819830,100% EQUIPADOS,0819830,18.0,"AT+GTDAT=gv300w,1,,CMD2112,0,,,,FFFF$",SKIPPED_DUPLICATE,0,ya enviado hoy (dedupe),SKIPPED,,
2026-02-04_151135,2026-02-04,867162027879626,,,W1T964231P0578657,VILICIC,SCGC90,20.0,"AT+GTDAT=gv300w,1,,CMD2112,0,,,,FFFF$",SKIPPED_DUPLICATE,0,ya enviado hoy (dedupe),SKIPPED,,
2026-02-04_151135,2026-02-04,869671070585185,,,JL6AFC6A2SK005753,100% EQUIPADOS,K005753,22.0,"AT+GTDAT=gv300w,1,,CMD2112,0,,,,FFFF$",SKIPPED_DUPLICATE,0,ya enviado hoy (dedupe),SKIPPED,,
2026-02-04_151135,2026-02-04,863457050627676,,,9BM634074RB340079,DIVEMOTOR PERU,CPF-216,27.0,"AT+GTDAT=gv300w,1,,CMD2112,0,,,,FFFF$",SKIPPED_DUPLICATE,0,ya enviado hoy (dedupe),SKIPPED,,
2026-02-04_151135,2026-02-04,869671070587082,,,W1T964231S0792371,100% EQUIPADOS,0792371,30.0,"AT+GTDAT=gv300w,1,,CMD2112,0,,,,FFFF$",SKIPPED_DUPLICATE,0,ya enviado hoy (dedupe),SKIPPED,,
2026-02-04_151135,2026-02-04,863457051061610,,,LSH14C4C2MA069528,INVERSIONES MORA OVALLE SPA,RLJC29,29.0,"AT+GTDAT=gv300w,1,,CMD2112,0,,,,FFFF$",SKIPPED_DUPLICATE,0,ya enviado hoy (dedupe),SKIPPED,,
2026-02-04_151135,2026-02-04,863457050644754,,,W1T963424P0639380,FORESTAL ARAUCO - CAMINOS,639380,18.0,"AT+GTDAT=gv300w,1,,CMD2112,0,,,,FFFF$",SKIPPED_DUPLICATE,0,ya enviado hoy (dedupe),SKIPPED,,
2026-02-04_151135,2026-02-04,868589060683714,,,W1T964216T0836870,STOCK,0836870,27.0,"AT+GTDAT=gv300w,1,,CMD2112,0,,,,FFFF$",SKIPPED_DUPLICATE,0,ya enviado hoy (dedupe),SKIPPED,,
2026-02-04_151135,2026-02-04,867698041077028,,,LVCB4L4D4MM001001,GERENCIA ELECTROMOVILIDAD,FT1001,26.0,"AT+GTDAT=gv300w,1,,CMD2112,0,,,,FFFF$",SKIPPED_DUPLICATE,0,ya enviado hoy (dedupe),SKIPPED,,
2026-02-04_151135,2026-02-04,867162027843960,,,W1T964231N0545566,TREKRENTAL,RWWR-54,21.0,"AT+GTDAT=gv300w,1,,CMD2112,0,,,,FFFF$",SKIPPED_DUPLICATE,0,ya enviado hoy (dedupe),SKIPPED,,
2026-02-04_151135,2026-02-04,867162025950742,,,WDB964414K0296645,COMPAÑÍA MINERA SANTA LAURA,KXZS12,16.0,"AT+GTDAT=gv300w,1,,CMD2112,0,,,,FFFF$",SKIPPED_DUPLICATE,0,ya enviado hoy (dedupe),SKIPPED,,
2026-02-04_151135,2026-02-04,863457051762019,,,W1T964231R0683200,GRUPO MPM,TBYZ99,23.0,"AT+GTDAT=gv300w,1,,CMD2112,0,,,,FFFF$",SKIPPED_DUPLICATE,0,ya enviado hoy (dedupe),SKIPPED,,
2026-02-04_151135,2026-02-04,868589060250761,,,9BM634016RB353205,VIGGO (CM),TLWL94,24.0,"AT+GTDAT=gv300w,1,,CMD2112,0,,,,FFFF$",SKIPPED_DUPLICATE,0,ya enviado hoy (dedupe),SKIPPED,,
2026-02-04_151135,2026-02-04,865413056249864,,,3ALHG3DV6MDMU3258,PESCO RENTAL,PRFR89,19.0,"AT+GTDAT=gv300w,1,,CMD2112,0,,,,FFFF$",SKIPPED_DUPLICATE,0,ya enviado hoy (dedupe),SKIPPED,,
2026-02-04_151135,2026-02-04,869671070588080,,,9BM958441PB301741,STOCK,B301741,22.0,"AT+GTDAT=gv300w,1,,CMD2112,0,,,,FFFF$",SKIPPED_DUPLICATE,0,ya enviado hoy (dedupe),SKIPPED,,
2026-02-04_151135,2026-02-04,869671070585748,,,JL6BHG6A7SK000344,STOCK,K000344,29.0,"AT+GTDAT=gv300w,1,,CMD2112,0,,,,FFFF$",SKIPPED_DUPLICATE,0,ya enviado hoy (dedupe),SKIPPED,,
2026-02-04_151135,2026-02-04,869671070583883,,,JL6AFE6A8TK000120,100% EQUIPADOS,K000120,29.0,"AT+GTDAT=gv300w,1,,CMD2112,0,,,,FFFF$",SKIPPED_DUPLICATE,0,ya enviado hoy (dedupe),SKIPPED,,
2026-02-04_151135,2026-02-04,867162027187467,,,WDB932315K0289088,SACYR (CM),LHSX11,23.0,"AT+GTDAT=gv300w,1,,CMD2112,0,,,,FFFF$",SKIPPED_DUPLICATE,0,ya enviado hoy (dedupe),SKIPPED,,
2026-02-04_151135,2026-02-04,869671070574874,,,9BM958154RB350551,100% EQUIPADOS,B350551,19.0,"AT+GTDAT=gv300w,1,,CMD2112,0,,,,FFFF$",SKIPPED_DUPLICATE,0,ya enviado hoy (dedupe),SKIPPED,,
2026-02-04_151135,2026-02-04,869671070576127,,,9BM979078JB061368,PESCO RENTAL,JWZZ11,25.0,"AT+GTDAT=gv300w,1,,CMD2112,0,,,,FFFF$",SKIPPED_DUPLICATE,0,ya enviado hoy (dedupe),SKIPPED,,
2026-02-04_151135,2026-02-04,863457051709390,,,W1T964231RB316602,BESALCO MINERIA,316602,28.0,"AT+GTDAT=gv300w,1,,CMD2112,0,,,,FFFF$",SKIPPED_DUPLICATE,0,ya enviado hoy (dedupe),SKIPPED,,
2026-02-04_151135,2026-02-04,868589060311373,,,9BM634016RB345551,VIGGO (CM),TJVR27,30.0,"AT+GTDAT=gv300w,1,,CMD2112,0,,,,FFFF$",SKIPPED_DUPLICATE,0,ya enviado hoy (dedupe),SKIPPED,,
2026-02-04_151135,2026-02-04,867162027624204,,,WDB964330K0296942,SACYR (CM),LRFJ61,21.0,"AT+GTDAT=gv300w,1,,CMD2112,0,,,,FFFF$",SKIPPED_DUPLICATE,0,ya enviado hoy (dedupe),SKIPPED,,
2026-02-04_151135,2026-02-04,863457052211982,,,W1T964231R0719936,GRUPO MPM,TGGG35,27.0,"AT+GTDAT=gv300w,1,,CMD2112,0,,,,FFFF$",SKIPPED_DUPLICATE,0,ya enviado hoy (dedupe),SKIPPED,,
2026-02-04_151135,2026-02-04,869671070591373,,,W1T963424S0798309,TRANSPORTES SIMUNOVIC LTDA,0798309,25.0,"AT+GTDAT=gv300w,1,,CMD2112,0,,,,FFFF$",SKIPPED_DUPLICATE,0,ya enviado hoy (dedupe),SKIPPED,,
2026-02-04_151135,2026-02-04,867162029853801,,,W1T964216N0526062,TREKRENTAL,RHPJ-35,20.0,"AT+GTDAT=gv300w,1,,CMD2112,0,,,,FFFF$",SKIPPED_DUPLICATE,0,ya enviado hoy (dedupe),SKIPPED,,
2026-02-04_151135,2026-02-04,869671070591910,,,9BM958264SB368304,100% EQUIPADOS,B368304,25.0,"AT+GTDAT=gv300w,1,,CMD2112,0,,,,FFFF$",SKIPPED_DUPLICATE,0,ya enviado hoy (dedupe),SKIPPED,,
2026-02-04_151135,2026-02-04,869671070584360,,,W1T964216S0792911,STOCK,0792911,22.0,"AT+GTDAT=gv300w,1,,CMD2112,0,,,,FFFF$",SKIPPED_DUPLICATE,0,ya enviado hoy (dedupe),SKIPPED,,
2026-02-04_151135,2026-02-04,863457051757100,,,W1T964231R0675406,GRUPO MPM,TCSL66,23.0,"AT+GTDAT=gv300w,1,,CMD2112,0,,,,FFFF$",SKIPPED_DUPLICATE,0,ya enviado hoy (dedupe),SKIPPED,,
2026-02-04_151135,2026-02-04,868589060363473,,,9BM634074RB339769,STOCK CHILE - BUSES & VANS,339769,27.0,"AT+GTDAT=gv300w,1,,CMD2112,0,,,,FFFF$",SKIPPED_DUPLICATE,0,ya enviado hoy (dedupe),SKIPPED,,
2026-02-04_151135,2026-02-04,863457051064366,,,W1T964231P0650289,KOMATSU (CM),SVZJ79,18.0,"AT+GTDAT=gv300w,1,,CMD2112,0,,,,FFFF$",SKIPPED_DUPLICATE,0,ya enviado hoy (dedupe),SKIPPED,,
2026-02-04_151135,2026-02-04,867162027607860,,,WDB964016L0391401,CSI,PDCB39,30.0,"AT+GTDAT=gv300w,1,,CMD2112,0,,,,FFFF$",SKIPPED_DUPLICATE,0,ya enviado hoy (dedupe),SKIPPED,,
2026-02-04_151135,2026-02-04,863457050637675,,,LSH14C4C0NA067102,ROCKTRUCK SPA,067102,22.0,"AT+GTDAT=gv300w,1,,CMD2112,0,,,,FFFF$",SKIPPED_DUPLICATE,0,ya enviado hoy (dedupe),SKIPPED,,
2026-02-04_151135,2026-02-04,868589060682435,,,W1T964231N0514472,EMIN,RFGB-61,15.0,"AT+GTDAT=gv300w,1,,CMD2112,0,,,,FFFF$",SKIPPED_DUPLICATE,0,ya enviado hoy (dedupe),SKIPPED,,
2026-02-04_151135,2026-02-04,867162029775020,,,W1T964216N0530018,RAICO,RPZS69,20.0,"AT+GTDAT=gv300w,1,,CMD2112,0,,,,FFFF$",SKIPPED_DUPLICATE,0,ya enviado hoy (dedupe),SKIPPED,,
2026-02-04_151135,2026-02-04,863457050615895,,,W1T964231P0598030,TREKRENTAL,SDRR-29,22.0,"AT+GTDAT=gv300w,1,,CMD2112,0,,,,FFFF$",SKIPPED_DUPLICATE,0,ya enviado hoy (dedupe),SKIPPED,,
2026-02-04_151135,2026-02-04,863238070319720,,,W1T963425M0432584,GRUPO COTAL (CM),PDCB84,17.0,"AT+GTDAT=gv300w,1,,CMD2112,0,,,,FFFF$",SKIPPED_DUPLICATE,0,ya enviado hoy (dedupe),SKIPPED,,
2026-02-04_151135,2026-02-04,867162027833722,,,9BM979078NB245417,PILLADO Y CÍA. LTDA.,RSCY85,22.0,"AT+GTDAT=gv300w,1,,CMD2112,0,,,,FFFF$",SKIPPED_DUPLICATE,0,ya enviado hoy (dedupe),SKIPPED,,
2026-02-04_151135,2026-02-04,863457051076956,,,W1T964231R0677516,GRUPO MPM,TBSV86,30.0,"AT+GTDAT=gv300w,1,,CMD2112,0,,,,FFFF$",SKIPPED_DUPLICATE,0,ya enviado hoy (dedupe),SKIPPED,,
2026-02-04_151135,2026-02-04,868589060356816,,,LSFAM11A1SA052006,SI AUSTRAL LTDA.,VCPX89,21.0,"AT+GTDAT=gv300w,1,,CMD2112,0,,,,FFFF$",SKIPPED_DUPLICATE,0,ya enviado hoy (dedupe),SKIPPED,,
2026-02-04_151135,2026-02-04,869671070587322,,,9BM634016SB366187,SOCIEDAD DE TRANSPORTE TURISMO E INVERSI,366187,23.0,"AT+GTDAT=gv300w,1,,CMD2112,0,,,,FFFF$",SKIPPED_DUPLICATE,0,ya enviado hoy (dedupe),SKIPPED,,
2026-02-04_151135,2026-02-04,863457051197919,,,1M2GR3HCXLM002299,KOMATSU (CM),X°LJSC64,28.0,"AT+GTDAT=gv300w,1,,CMD2112,0,,,,FFFF$",SKIPPED_DUPLICATE,0,ya enviado hoy (dedupe),SKIPPED,,
2026-02-04_151135,2026-02-04,869671070576457,,,W1T964233S0780849,100% EQUIPADOS,0780849,16.0,"AT+GTDAT=gv300w,1,,CMD2112,0,,,,FFFF$",SKIPPED_DUPLICATE,0,ya enviado hoy (dedupe),SKIPPED,,
2026-02-04_151135,2026-02-04,863457050602984,,,W1T964231P0592884,TREKRENTAL,SHVR87,29.0,"AT+GTDAT=gv300w,1,,CMD2112,0,,,,FFFF$",SKIPPED_DUPLICATE,0,ya enviado hoy (dedupe),SKIPPED,,
2026-02-04_151135,2026-02-04,867162029776820,,,W1T964026N0498527,MARCO SALGADO (CM),PXST41,19.0,"AT+GTDAT=gv300w,1,,CMD2112,0,,,,FFFF$",SKIPPED_DUPLICATE,0,ya enviado hoy (dedupe),SKIPPED,,
2026-02-04_151135,2026-02-04,868589060666768,,,JL6JBB6A7PK008202,STOCK,SSYP37,22.0,"AT+GTDAT=gv300w,1,,CMD2112,0,,,,FFFF$",SKIPPED_DUPLICATE,0,ya enviado hoy (dedupe),SKIPPED,,
2026-02-04_151135,2026-02-04,868589060172445,,,JL6AFE6A3RK003645,OPERACIONES [BK],TKLP50,28.0,"AT+GTDAT=gv300w,1,,CMD2112,0,,,,FFFF$",SKIPPED_DUPLICATE,0,ya enviado hoy (dedupe),SKIPPED,,
2026-02-04_151135,2026-02-04,869671072166539,,,W1T964231T0827992,100% EQUIPADOS,0827992,21.0,"AT+GTDAT=gv300w,1,,CMD2112,0,,,,FFFF$",SKIPPED_DUPLICATE,0,ya enviado hoy (dedupe),SKIPPED,,
2026-02-04_151135,2026-02-04,863457052205463,,,9BM634016RB331072,VIGGO (CM),6276,29.0,"AT+GTDAT=gv300w,1,,CMD2112,0,,,,FFFF$",SKIPPED_DUPLICATE,0,ya enviado hoy (dedupe),SKIPPED,,
2026-02-04_151135,2026-02-04,863457051704128,,,W1T964231R0709207,TREKRENTAL,TKLJ58,26.0,"AT+GTDAT=gv300w,1,,CMD2112,0,,,,FFFF$",SKIPPED_DUPLICATE,0,ya enviado hoy (dedupe),SKIPPED,,
2026-02-04_151135,2026-02-04,867162029775178,,,JL6CKE6A4KK001705,DE BAJA,PPYY-11,21.0,"AT+GTDAT=gv300w,1,,CMD2112,0,,,,FFFF$",SKIPPED_DUPLICATE,0,ya enviado hoy (dedupe),SKIPPED,,
2026-02-04_151135,2026-02-04,869671070590144,,,3ALHCYCY6SDWG0144,100% EQUIPADOS,DWG0144,26.0,"AT+GTDAT=gv300w,1,,CMD2112,0,,,,FFFF$",SKIPPED_DUPLICATE,0,ya enviado hoy (dedupe),SKIPPED,,
2026-02-04_151135,2026-02-04,863457051200713,,,JL6BHG6A7PK000805,SCHWAGER SERVICE S.A.,SHBZ97,22.0,"AT+GTDAT=gv300w,1,,CMD2112,0,,,,FFFF$",SKIPPED_DUPLICATE,0,ya enviado hoy (dedupe),SKIPPED,,
2026-02-04_151135,2026-02-04,869671070593171,,,JL6CJH6A4SK000378,100% EQUIPADOS,K000378,20.0,"AT+GTDAT=gv300w,1,,CMD2112,0,,,,FFFF$",SKIPPED_DUPLICATE,0,ya enviado hoy (dedupe),SKIPPED,,
2026-02-04_151135,2026-02-04,868589060188268,,,W1V907657SP655024,STOCK,655024,27.0,"AT+GTDAT=gv300w,1,,CMD2112,0,,,,FFFF$",SKIPPED_DUPLICATE,0,ya enviado hoy (dedupe),SKIPPED,,
2026-02-04_151135,2026-02-04,869671070590953,,,9BM958154SB375040,100% EQUIPADOS,B375040,24.0,"AT+GTDAT=gv300w,1,,CMD2112,0,,,,FFFF$",SKIPPED_DUPLICATE,0,ya enviado hoy (dedupe),SKIPPED,,
2026-02-04_151135,2026-02-04,863457052203724,,,W1T964231R0718095,EXPLONORTE CHILE SPA.,718095,19.0,"AT+GTDAT=gv300w,1,,CMD2112,0,,,,FFFF$",SKIPPED_DUPLICATE,0,ya enviado hoy (dedupe),SKIPPED,,
2026-02-04_151135,2026-02-04,867162025928250,,,WDB964414J0164898,COMPAÑÍA MINERA SANTA LAURA,KHSP72,16.0,"AT+GTDAT=gv300w,1,,CMD2112,0,,,,FFFF$",SKIPPED_DUPLICATE,0,ya enviado hoy (dedupe),SKIPPED,,
2026-02-04_151135,2026-02-04,867162025945650,,,WDB964414J0191232,COMPAÑÍA MINERA SANTA LAURA,KHSP73,16.0,"AT+GTDAT=gv300w,1,,CMD2112,0,,,,FFFF$",SKIPPED_DUPLICATE,0,ya enviado hoy (dedupe),SKIPPED,,
2026-02-04_151135,2026-02-04,868589060182618,,,9BM958260SB365290,STOCK,365290,19.0,"AT+GTDAT=gv300w,1,,CMD2112,0,,,,FFFF$",SKIPPED_DUPLICATE,0,ya enviado hoy (dedupe),SKIPPED,,
2026-02-04_151135,2026-02-04,867162027192988,,,3AKJHPDV9KSKR8011,TERRA NORTE SPA (CM),LTJG13,27.0,"AT+GTDAT=gv300w,1,,CMD2112,0,,,,FFFF$",SKIPPED_DUPLICATE,0,ya enviado hoy (dedupe),SKIPPED,,
2026-02-04_151135,2026-02-04,869671070595481,,,JL6BGG6A3SK005768,100% EQUIPADOS,K005768,15.0,"AT+GTDAT=gv300w,1,,CMD2112,0,,,,FFFF$",SKIPPED_DUPLICATE,0,ya enviado hoy (dedupe),SKIPPED,,
2026-02-04_151135,2026-02-04,863457050622388,,,W1T964231P0639768,GRUPO MPM,SSYV32,28.0,"AT+GTDAT=gv300w,1,,CMD2112,0,,,,FFFF$",SKIPPED_DUPLICATE,0,ya enviado hoy (dedupe),SKIPPED,,
2026-02-04_151135,2026-02-04,869671070593403,,,JL6BHG6A3SK000308,100% EQUIPADOS,K000308,22.0,"AT+GTDAT=gv300w,1,,CMD2112,0,,,,FFFF$",SKIPPED_DUPLICATE,0,ya enviado hoy (dedupe),SKIPPED,,
2026-02-04_151135,2026-02-04,863457051069951,,,LSF1C2309ND700594,ENEL X CHILE SPA,SXBB97,18.0,"AT+GTDAT=gv300w,1,,CMD2112,0,,,,FFFF$",SKIPPED_DUPLICATE,0,ya enviado hoy (dedupe),SKIPPED,,
2026-02-04_151135,2026-02-04,863457051069290,,,W1T964231P0650009,KOMATSU (CM),SVZJ80,19.0,"AT+GTDAT=gv300w,1,,CMD2112,0,,,,FFFF$",SKIPPED_DUPLICATE,0,ya enviado hoy (dedupe),SKIPPED,,
2026-02-04_151135,2026-02-04,863457051688909,,,W1T964231R0677517,GRUPO MPM,TBYZ96,19.0,"AT+GTDAT=gv300w,1,,CMD2112,0,,,,FFFF$",SKIPPED_DUPLICATE,0,ya enviado hoy (dedupe),SKIPPED,,
2026-02-04_151135,2026-02-04,867162026944041,,,WDB932315K0250048,INCOLUR (CM),KKTT-13,15.0,"AT+GTDAT=gv300w,1,,CMD2112,0,,,,FFFF$",SKIPPED_DUPLICATE,0,ya enviado hoy (dedupe),SKIPPED,,
2026-02-04_151135,2026-02-04,863457052205166,,,W1T964231R0716618,GRUPO MPM,TGCD33,28.0,"AT+GTDAT=gv300w,1,,CMD2112,0,,,,FFFF$",SKIPPED_DUPLICATE,0,ya enviado hoy (dedupe),SKIPPED,,
2026-02-04_151135,2026-02-04,867162027190925,,,JL6CLH6A1LK000804,DE BAJA,LLKF-97,30.0,"AT+GTDAT=gv300w,1,,CMD2112,0,,,,FFFF$",SKIPPED_DUPLICATE,0,ya enviado hoy (dedupe),SKIPPED,,
2026-02-04_151135,2026-02-04,868589060176917,,,W1V907645SP710259,STOCK,710259,26.0,"AT+GTDAT=gv300w,1,,CMD2112,0,,,,FFFF$",SKIPPED_DUPLICATE,0,ya enviado hoy (dedupe),SKIPPED,,
2026-02-04_151135,2026-02-04,869671072171083,,,W1T964231T0833936,VILICIC,0833936,17.0,"AT+GTDAT=gv300w,1,,CMD2112,0,,,,FFFF$",SKIPPED_DUPLICATE,0,ya enviado hoy (dedupe),SKIPPED,,
2026-02-04_151135,2026-02-04,869671070587686,,,W1T963425PB304494,CLIENTE DIVAD TELEMETRIA,ANNI-012,27.0,"AT+GTDAT=gv300w,1,,CMD2112,0,,,,FFFF$",SKIPPED_DUPLICATE,0,ya enviado hoy (dedupe),SKIPPED,,
2026-02-04_151135,2026-02-04,867162029761269,,,W1T963424P0575249,TH LARRAGUIBEL LIMITADA,SBPW46,22.0,"AT+GTDAT=gv300w,1,,CMD2112,0,,,,FFFF$",SKIPPED_DUPLICATE,0,ya enviado hoy (dedupe),SKIPPED,,
2026-02-04_151135,2026-02-04,869671070576556,,,W1T964231S0789508,PESCO RENTAL,TWLW31,23.0,"AT+GTDAT=gv300w,1,,CMD2112,0,,,,FFFF$",SKIPPED_DUPLICATE,0,ya enviado hoy (dedupe),SKIPPED,,
2026-02-04_151135,2026-02-04,863457050635307,,,9BM634074RB336413,DIVEMOTOR PERU,CPE-640,27.0,"AT+GTDAT=gv300w,1,,CMD2112,0,,,,FFFF$",SKIPPED_DUPLICATE,0,ya enviado hoy (dedupe),SKIPPED,,
2026-02-04_151135,2026-02-04,867162029763927,,,9BM634011NB214393,VIGGO (CM),4965,29.0,"AT+GTDAT=gv300w,1,,CMD2112,0,,,,FFFF$",SKIPPED_DUPLICATE,0,ya enviado hoy (dedupe),SKIPPED,,
2026-02-04_151135,2026-02-04,869671070587579,,,3AKJHPDV8RSUX3813,EMPRESAS HUERTA LIMITADA,UX3813,30.0,"AT+GTDAT=gv300w,1,,CMD2112,0,,,,FFFF$",SKIPPED_DUPLICATE,0,ya enviado hoy (dedupe),SKIPPED,,
2026-02-04_151135,2026-02-04,869671070584261,,,JL6CLH6A1SK006942,100% EQUIPADOS,K006942,15.0,"AT+GTDAT=gv300w,1,,CMD2112,0,,,,FFFF$",SKIPPED_DUPLICATE,0,ya enviado hoy (dedupe),SKIPPED,,
2026-02-04_151135,2026-02-04,863457050969045,,,3AKJHPDV9PSNM9035,TRANSPORTES VERASAY SPA,NM9035,15.0,"AT+GTDAT=gv300w,1,,CMD2112,0,,,,FFFF$",SKIPPED_DUPLICATE,0,ya enviado hoy (dedupe),SKIPPED,,
2026-02-04_151135,2026-02-04,869671070577372,,,3ALHG3DV6SDVY6370,PESCO RENTAL,TZYF63,18.0,"AT+GTDAT=gv300w,1,,CMD2112,0,,,,FFFF$",SKIPPED_DUPLICATE,0,ya enviado hoy (dedupe),SKIPPED,,
2026-02-04_151135,2026-02-04,869671072167867,,,3ALHG3DV4TDWN2271,STOCK,DWN2271,21.0,"AT+GTDAT=gv300w,1,,CMD2112,0,,,,FFFF$",SKIPPED_DUPLICATE,0,ya enviado hoy (dedupe),SKIPPED,,
2026-02-04_151135,2026-02-04,863457051754875,,,W1T964231RB319600,BESALCO MINERIA,319600,30.0,"AT+GTDAT=gv300w,1,,CMD2112,0,,,,FFFF$",SKIPPED_DUPLICATE,0,ya enviado hoy (dedupe),SKIPPED,,
2026-02-04_151135,2026-02-04,869671070587157,,,W1T963425M0435000,GRUPO COTAL (CM),PDCB81,17.0,"AT+GTDAT=gv300w,1,,CMD2112,0,,,,FFFF$",SKIPPED_DUPLICATE,0,ya enviado hoy (dedupe),SKIPPED,,
2026-02-04_151135,2026-02-04,868589060243154,,,WDB964231L0396125,GRUPO COMISOL,PJLH32,19.0,"AT+GTDAT=gv300w,1,,CMD2112,0,,,,FFFF$",SKIPPED_DUPLICATE,0,ya enviado hoy (dedupe),SKIPPED,,
2026-02-04_151135,2026-02-04,869671070574965,,,9BM958154SB371238,100% EQUIPADOS,B371238,20.0,"AT+GTDAT=gv300w,1,,CMD2112,0,,,,FFFF$",SKIPPED_DUPLICATE,0,ya enviado hoy (dedupe),SKIPPED,,
2026-02-04_151135,2026-02-04,869671070580962,,,3ALHG3DV3TDWN2276,STOCK,DWN2276,15.0,"AT+GTDAT=gv300w,1,,CMD2112,0,,,,FFFF$",SKIPPED_DUPLICATE,0,ya enviado hoy (dedupe),SKIPPED,,
2026-02-04_151135,2026-02-04,863457052210141,,,9BM634074RB317665,GERENCIA BUSES & VANS,TFWK28,19.0,"AT+GTDAT=gv300w,1,,CMD2112,0,,,,FFFF$",SKIPPED_DUPLICATE,0,ya enviado hoy (dedupe),SKIPPED,,
2026-02-04_151135,2026-02-04,863457051713244,,,MEC0574P0PP056547,DIVEMOTOR COLOMBIA,LLR105,15.0,"AT+GTDAT=gv300w,1,,CMD2112,0,,,,FFFF$",SKIPPED_DUPLICATE,0,ya enviado hoy (dedupe),SKIPPED,,
2026-02-04_151135,2026-02-04,869671070589252,,,JL6CLH6A6SK003678,100% EQUIPADOS,K003678,15.0,"AT+GTDAT=gv300w,1,,CMD2112,0,,,,FFFF$",SKIPPED_DUPLICATE,0,ya enviado hoy (dedupe),SKIPPED,,
2026-02-04_151135,2026-02-04,869671070597610,,,3AKJHPDV0PSUD5422,TRANSPORTES SAN GABRIEL LTDA,TTBS35,17.0,"AT+GTDAT=gv300w,1,,CMD2112,0,,,,FFFF$",SKIPPED_DUPLICATE,0,ya enviado hoy (dedupe),SKIPPED,,
2026-02-04_151135,2026-02-04,863238070327194,,,W1T964016T0823292,100% EQUIPADOS,0823292,15.0,"AT+GTDAT=gv300w,1,,CMD2112,0,,,,FFFF$",SKIPPED_DUPLICATE,0,ya enviado hoy (dedupe),SKIPPED,,
2026-02-04_151135,2026-02-04,869671070596661,,,9BM634074RB339551,GERENCIA BUSES & VANS,339551,24.0,"AT+GTDAT=gv300w,1,,CMD2112,0,,,,FFFF$",SKIPPED_DUPLICATE,0,ya enviado hoy (dedupe),SKIPPED,,
2026-02-04_151135,2026-02-04,867162027842145,,,3AKJHPDV8NSNG4442,TRANSPORTES SAE (CM),RSPF11,20.0,"AT+GTDAT=gv300w,1,,CMD2112,0,,,,FFFF$",SKIPPED_DUPLICATE,0,ya enviado hoy (dedupe),SKIPPED,,
2026-02-04_151135,2026-02-04,863457051694212,,,W1T964231R0683201,GRUPO MPM,TFCT92,28.0,"AT+GTDAT=gv300w,1,,CMD2112,0,,,,FFFF$",SKIPPED_DUPLICATE,0,ya enviado hoy (dedupe),SKIPPED,,
2026-02-04_151135,2026-02-04,865413056956492,,,JL6AKE6A8SK001004,FANBLADES SPA,001004,19.0,"AT+GTDAT=gv300w,1,,CMD2112,0,,,,FFFF$",SKIPPED_DUPLICATE,0,ya enviado hoy (dedupe),SKIPPED,,
2026-02-04_151135,2026-02-04,863238070319779,,,9BM958260SB400127,100% EQUIPADOS,B400127,19.0,"AT+GTDAT=gv300w,1,,CMD2112,0,,,,FFFF$",SKIPPED_DUPLICATE,0,ya enviado hoy (dedupe),SKIPPED,,
2026-02-04_151135,2026-02-04,869671070574999,,,W1T967637R0718090,100% EQUIPADOS,0718090,15.0,"AT+GTDAT=gv300w,1,,CMD2112,0,,,,FFFF$",SKIPPED_DUPLICATE,0,ya enviado hoy (dedupe),SKIPPED,,
2026-02-04_151135,2026-02-04,869671072172107,,,JL6BGG6A4TK000564,100% EQUIPADOS,TK000564,29.0,"AT+GTDAT=gv300w,1,,CMD2112,0,,,,FFFF$",SKIPPED_DUPLICATE,0,ya enviado hoy (dedupe),SKIPPED,,
2026-02-04_151135,2026-02-04,867162027256080,,,W1T964231P0633220,CONPAX MAQUINARIAS,SPPL71,22.0,"AT+GTDAT=gv300w,1,,CMD2112,0,,,,FFFF$",SKIPPED_DUPLICATE,0,ya enviado hoy (dedupe),SKIPPED,,
2026-02-04_151135,2026-02-04,867162027887207,,,3AKJHPDVXNSNJ2928,SOTRASER S A,C-1934,22.0,"AT+GTDAT=gv300w,1,,CMD2112,0,,,,FFFF$",SKIPPED_DUPLICATE,0,ya enviado hoy (dedupe),SKIPPED,,
2026-02-04_151135,2026-02-04,863457051677613,,,W1T964231R0675407,GRUPO MPM,TBYZ95,19.0,"AT+GTDAT=gv300w,1,,CMD2112,0,,,,FFFF$",SKIPPED_DUPLICATE,0,ya enviado hoy (dedupe),SKIPPED,,
2026-02-04_151135,2026-02-04,863457050644580,,,W1T963424P0604599,FORESTAL ARAUCO S.A.,604599,20.0,"AT+GTDAT=gv300w,1,,CMD2112,0,,,,FFFF$",SKIPPED_DUPLICATE,0,ya enviado hoy (dedupe),SKIPPED,,
2026-02-04_151135,2026-02-04,863457050615077,,,LSH14C4CXNA066894,SALFA,066894,22.0,"AT+GTDAT=gv300w,1,,CMD2112,0,,,,FFFF$",SKIPPED_DUPLICATE,0,ya enviado hoy (dedupe),SKIPPED,,
2026-02-04_151135,2026-02-04,863457051737946,,,W1T964231R0681531,GRUPO MPM,TFCZ16,27.0,"AT+GTDAT=gv300w,1,,CMD2112,0,,,,FFFF$",SKIPPED_DUPLICATE,0,ya enviado hoy (dedupe),SKIPPED,,
2026-02-04_151135,2026-02-04,863457052209952,,,W1T964231R0721999,GRUPO MPM,TGGG37,23.0,"AT+GTDAT=gv300w,1,,CMD2112,0,,,,FFFF$",SKIPPED_DUPLICATE,0,ya enviado hoy (dedupe),SKIPPED,,
2026-02-04_151135,2026-02-04,863457051713236,,,W1T964231R0706319,BESALCO ARRIENDA,TFLY-29,22.0,"AT+GTDAT=gv300w,1,,CMD2112,0,,,,FFFF$",SKIPPED_DUPLICATE,0,ya enviado hoy (dedupe),SKIPPED,,
2026-02-04_151135,2026-02-04,868589060186031,,,9BM951104RB345986,GRUPO TRANSPORTES LIRA,345986,26.0,"AT+GTDAT=gv300w,1,,CMD2112,0,,,,FFFF$",SKIPPED_DUPLICATE,0,ya enviado hoy (dedupe),SKIPPED,,
2026-02-04_151135,2026-02-04,863457051083887,,,W1T964231P0655871,EMIN,SWBC-27,30.0,"AT+GTDAT=gv300w,1,,CMD2112,0,,,,FFFF$",SKIPPED_DUPLICATE,0,ya enviado hoy (dedupe),SKIPPED,,
2026-02-04_151135,2026-02-04,869671070592702,,,3ALHG3DV6RDUX3674,PESCO RENTAL,TVHT33,17.0,"AT+GTDAT=gv300w,1,,CMD2112,0,,,,FFFF$",SKIPPED_DUPLICATE,0,ya enviado hoy (dedupe),SKIPPED,,
2026-02-04_151135,2026-02-04,868589060354985,,,W1T964231S0776983,TREKRENTAL,0776983,16.0,"AT+GTDAT=gv300w,1,,CMD2112,0,,,,FFFF$",SKIPPED_DUPLICATE,0,ya enviado hoy (dedupe),SKIPPED,,
2026-02-04_151135,2026-02-04,869671072165515,,,JL6CLH6A0TK000471,100% EQUIPADOS,TK000471,17.0,"AT+GTDAT=gv300w,1,,CMD2112,0,,,,FFFF$",SKIPPED_DUPLICATE,0,ya enviado hoy (dedupe),SKIPPED,,
2026-02-04_151135,2026-02-04,869671070576663,,,3AKJHPDV5PSUD5447,100% EQUIPADOS,UD5447,22.0,"AT+GTDAT=gv300w,1,,CMD2112,0,,,,FFFF$",SKIPPED_DUPLICATE,0,ya enviado hoy (dedupe),SKIPPED,,
2026-02-04_151135,2026-02-04,863457051740288,,,9BM958154PB298491,TREKRENTAL,TBKR-58,19.0,"AT+GTDAT=gv300w,1,,CMD2112,0,,,,FFFF$",SKIPPED_DUPLICATE,0,ya enviado hoy (dedupe),SKIPPED,,
2026-02-04_151135,2026-02-04,869671070594922,,,W1T964231S0796298,100% EQUIPADOS,0796298,22.0,"AT+GTDAT=gv300w,1,,CMD2112,0,,,,FFFF$",SKIPPED_DUPLICATE,0,ya enviado hoy (dedupe),SKIPPED,,
2026-02-04_151135,2026-02-04,863457051082970,,,W1T964231RB315459,BESALCO MINERIA,315459,30.0,"AT+GTDAT=gv300w,1,,CMD2112,0,,,,FFFF$",SKIPPED_DUPLICATE,0,ya enviado hoy (dedupe),SKIPPED,,
